name,vote,parent_title,grandparent_title,date,chamber,debate_type,debate_id,subdebate_id,division_id
"Adams, D.G.H.",aye,Censure Motion,MINISTER FOR IMMIGRATION AND MULTICULTURAL AND INDIGENOUS AFFAIRS,2003-05-29,REPS,Censure Motion,16,1,0
"Bevis, A.R.",aye,Censure Motion,MINISTER FOR IMMIGRATION AND MULTICULTURAL AND INDIGENOUS AFFAIRS,2003-05-29,REPS,Censure Motion,16,1,0
"Brereton, L.J.",aye,Censure Motion,MINISTER FOR IMMIGRATION AND MULTICULTURAL AND INDIGENOUS AFFAIRS,2003-05-29,REPS,Censure Motion,16,1,0
"Burke, A.E.",aye,Censure Motion,MINISTER FOR IMMIGRATION AND MULTICULTURAL AND INDIGENOUS AFFAIRS,2003-05-29,REPS,Censure Motion,16,1,0
"Byrne, A.M.",aye,Censure Motion,MINISTER FOR IMMIGRATION AND MULTICULTURAL AND INDIGENOUS AFFAIRS,2003-05-29,REPS,Censure Motion,16,1,0
"Corcoran, A.K.",aye,Censure Motion,MINISTER FOR IMMIGRATION AND MULTICULTURAL AND INDIGENOUS AFFAIRS,2003-05-29,REPS,Censure Motion,16,1,0
"Cox, D.A.",aye,Censure Motion,MINISTER FOR IMMIGRATION AND MULTICULTURAL AND INDIGENOUS AFFAIRS,2003-05-29,REPS,Censure Motion,16,1,0
"Crean, S.F.",aye,Censure Motion,MINISTER FOR IMMIGRATION AND MULTICULTURAL AND INDIGENOUS AFFAIRS,2003-05-29,REPS,Censure Motion,16,1,0
"Crosio, J.A.",aye,Censure Motion,MINISTER FOR IMMIGRATION AND MULTICULTURAL AND INDIGENOUS AFFAIRS,2003-05-29,REPS,Censure Motion,16,1,0
"Danby, M. *",aye,Censure Motion,MINISTER FOR IMMIGRATION AND MULTICULTURAL AND INDIGENOUS AFFAIRS,2003-05-29,REPS,Censure Motion,16,1,0
"Edwards, G.J.",aye,Censure Motion,MINISTER FOR IMMIGRATION AND MULTICULTURAL AND INDIGENOUS AFFAIRS,2003-05-29,REPS,Censure Motion,16,1,0
"Ellis, A.L.",aye,Censure Motion,MINISTER FOR IMMIGRATION AND MULTICULTURAL AND INDIGENOUS AFFAIRS,2003-05-29,REPS,Censure Motion,16,1,0
"Emerson, C.A.",aye,Censure Motion,MINISTER FOR IMMIGRATION AND MULTICULTURAL AND INDIGENOUS AFFAIRS,2003-05-29,REPS,Censure Motion,16,1,0
"Evans, M.J.",aye,Censure Motion,MINISTER FOR IMMIGRATION AND MULTICULTURAL AND INDIGENOUS AFFAIRS,2003-05-29,REPS,Censure Motion,16,1,0
"Ferguson, L.D.T.",aye,Censure Motion,MINISTER FOR IMMIGRATION AND MULTICULTURAL AND INDIGENOUS AFFAIRS,2003-05-29,REPS,Censure Motion,16,1,0
"Ferguson, M.J.",aye,Censure Motion,MINISTER FOR IMMIGRATION AND MULTICULTURAL AND INDIGENOUS AFFAIRS,2003-05-29,REPS,Censure Motion,16,1,0
"Fitzgibbon, J.A.",aye,Censure Motion,MINISTER FOR IMMIGRATION AND MULTICULTURAL AND INDIGENOUS AFFAIRS,2003-05-29,REPS,Censure Motion,16,1,0
"George, J.",aye,Censure Motion,MINISTER FOR IMMIGRATION AND MULTICULTURAL AND INDIGENOUS AFFAIRS,2003-05-29,REPS,Censure Motion,16,1,0
"Gibbons, S.W.",aye,Censure Motion,MINISTER FOR IMMIGRATION AND MULTICULTURAL AND INDIGENOUS AFFAIRS,2003-05-29,REPS,Censure Motion,16,1,0
"Gillard, J.E.",aye,Censure Motion,MINISTER FOR IMMIGRATION AND MULTICULTURAL AND INDIGENOUS AFFAIRS,2003-05-29,REPS,Censure Motion,16,1,0
"Grierson, S.J.",aye,Censure Motion,MINISTER FOR IMMIGRATION AND MULTICULTURAL AND INDIGENOUS AFFAIRS,2003-05-29,REPS,Censure Motion,16,1,0
"Griffin, A.P.",aye,Censure Motion,MINISTER FOR IMMIGRATION AND MULTICULTURAL AND INDIGENOUS AFFAIRS,2003-05-29,REPS,Censure Motion,16,1,0
"Hall, J.G.",aye,Censure Motion,MINISTER FOR IMMIGRATION AND MULTICULTURAL AND INDIGENOUS AFFAIRS,2003-05-29,REPS,Censure Motion,16,1,0
"Hatton, M.J.",aye,Censure Motion,MINISTER FOR IMMIGRATION AND MULTICULTURAL AND INDIGENOUS AFFAIRS,2003-05-29,REPS,Censure Motion,16,1,0
"Hoare, K.J.",aye,Censure Motion,MINISTER FOR IMMIGRATION AND MULTICULTURAL AND INDIGENOUS AFFAIRS,2003-05-29,REPS,Censure Motion,16,1,0
"Irwin, J.",aye,Censure Motion,MINISTER FOR IMMIGRATION AND MULTICULTURAL AND INDIGENOUS AFFAIRS,2003-05-29,REPS,Censure Motion,16,1,0
"Jackson, S.M.",aye,Censure Motion,MINISTER FOR IMMIGRATION AND MULTICULTURAL AND INDIGENOUS AFFAIRS,2003-05-29,REPS,Censure Motion,16,1,0
"Jenkins, H.A.",aye,Censure Motion,MINISTER FOR IMMIGRATION AND MULTICULTURAL AND INDIGENOUS AFFAIRS,2003-05-29,REPS,Censure Motion,16,1,0
"Kerr, D.J.C.",aye,Censure Motion,MINISTER FOR IMMIGRATION AND MULTICULTURAL AND INDIGENOUS AFFAIRS,2003-05-29,REPS,Censure Motion,16,1,0
"King, C.F.",aye,Censure Motion,MINISTER FOR IMMIGRATION AND MULTICULTURAL AND INDIGENOUS AFFAIRS,2003-05-29,REPS,Censure Motion,16,1,0
"Latham, M.W.",aye,Censure Motion,MINISTER FOR IMMIGRATION AND MULTICULTURAL AND INDIGENOUS AFFAIRS,2003-05-29,REPS,Censure Motion,16,1,0
"Lawrence, C.M.",aye,Censure Motion,MINISTER FOR IMMIGRATION AND MULTICULTURAL AND INDIGENOUS AFFAIRS,2003-05-29,REPS,Censure Motion,16,1,0
"Livermore, K.F.",aye,Censure Motion,MINISTER FOR IMMIGRATION AND MULTICULTURAL AND INDIGENOUS AFFAIRS,2003-05-29,REPS,Censure Motion,16,1,0
"Macklin, J.L.",aye,Censure Motion,MINISTER FOR IMMIGRATION AND MULTICULTURAL AND INDIGENOUS AFFAIRS,2003-05-29,REPS,Censure Motion,16,1,0
"McClelland, R.B.",aye,Censure Motion,MINISTER FOR IMMIGRATION AND MULTICULTURAL AND INDIGENOUS AFFAIRS,2003-05-29,REPS,Censure Motion,16,1,0
"McFarlane, J.S.",aye,Censure Motion,MINISTER FOR IMMIGRATION AND MULTICULTURAL AND INDIGENOUS AFFAIRS,2003-05-29,REPS,Censure Motion,16,1,0
"McLeay, L.B.",aye,Censure Motion,MINISTER FOR IMMIGRATION AND MULTICULTURAL AND INDIGENOUS AFFAIRS,2003-05-29,REPS,Censure Motion,16,1,0
"McMullan, R.F.",aye,Censure Motion,MINISTER FOR IMMIGRATION AND MULTICULTURAL AND INDIGENOUS AFFAIRS,2003-05-29,REPS,Censure Motion,16,1,0
"Melham, D.",aye,Censure Motion,MINISTER FOR IMMIGRATION AND MULTICULTURAL AND INDIGENOUS AFFAIRS,2003-05-29,REPS,Censure Motion,16,1,0
"Mossfield, F.W.",aye,Censure Motion,MINISTER FOR IMMIGRATION AND MULTICULTURAL AND INDIGENOUS AFFAIRS,2003-05-29,REPS,Censure Motion,16,1,0
"Murphy, J. P.",aye,Censure Motion,MINISTER FOR IMMIGRATION AND MULTICULTURAL AND INDIGENOUS AFFAIRS,2003-05-29,REPS,Censure Motion,16,1,0
"O'Byrne, M.A.",aye,Censure Motion,MINISTER FOR IMMIGRATION AND MULTICULTURAL AND INDIGENOUS AFFAIRS,2003-05-29,REPS,Censure Motion,16,1,0
"O'Connor, G.M.",aye,Censure Motion,MINISTER FOR IMMIGRATION AND MULTICULTURAL AND INDIGENOUS AFFAIRS,2003-05-29,REPS,Censure Motion,16,1,0
O',aye,Censure Motion,MINISTER FOR IMMIGRATION AND MULTICULTURAL AND INDIGENOUS AFFAIRS,2003-05-29,REPS,Censure Motion,16,1,0
"Connor, B.P.",aye,Censure Motion,MINISTER FOR IMMIGRATION AND MULTICULTURAL AND INDIGENOUS AFFAIRS,2003-05-29,REPS,Censure Motion,16,1,0
"Organ, M.",aye,Censure Motion,MINISTER FOR IMMIGRATION AND MULTICULTURAL AND INDIGENOUS AFFAIRS,2003-05-29,REPS,Censure Motion,16,1,0
"Price, L.R.S.",aye,Censure Motion,MINISTER FOR IMMIGRATION AND MULTICULTURAL AND INDIGENOUS AFFAIRS,2003-05-29,REPS,Censure Motion,16,1,0
"Quick, H.V. *",aye,Censure Motion,MINISTER FOR IMMIGRATION AND MULTICULTURAL AND INDIGENOUS AFFAIRS,2003-05-29,REPS,Censure Motion,16,1,0
"Ripoll, B.F.",aye,Censure Motion,MINISTER FOR IMMIGRATION AND MULTICULTURAL AND INDIGENOUS AFFAIRS,2003-05-29,REPS,Censure Motion,16,1,0
"Roxon, N.L.",aye,Censure Motion,MINISTER FOR IMMIGRATION AND MULTICULTURAL AND INDIGENOUS AFFAIRS,2003-05-29,REPS,Censure Motion,16,1,0
"Sawford, R.W.",aye,Censure Motion,MINISTER FOR IMMIGRATION AND MULTICULTURAL AND INDIGENOUS AFFAIRS,2003-05-29,REPS,Censure Motion,16,1,0
"Sciacca, C.A.",aye,Censure Motion,MINISTER FOR IMMIGRATION AND MULTICULTURAL AND INDIGENOUS AFFAIRS,2003-05-29,REPS,Censure Motion,16,1,0
"Sercombe, R.C.G.",aye,Censure Motion,MINISTER FOR IMMIGRATION AND MULTICULTURAL AND INDIGENOUS AFFAIRS,2003-05-29,REPS,Censure Motion,16,1,0
"Sidebottom, P.S.",aye,Censure Motion,MINISTER FOR IMMIGRATION AND MULTICULTURAL AND INDIGENOUS AFFAIRS,2003-05-29,REPS,Censure Motion,16,1,0
"Smith, S.F.",aye,Censure Motion,MINISTER FOR IMMIGRATION AND MULTICULTURAL AND INDIGENOUS AFFAIRS,2003-05-29,REPS,Censure Motion,16,1,0
"Snowdon, W.E.",aye,Censure Motion,MINISTER FOR IMMIGRATION AND MULTICULTURAL AND INDIGENOUS AFFAIRS,2003-05-29,REPS,Censure Motion,16,1,0
"Swan, W.M.",aye,Censure Motion,MINISTER FOR IMMIGRATION AND MULTICULTURAL AND INDIGENOUS AFFAIRS,2003-05-29,REPS,Censure Motion,16,1,0
"Tanner, L.",aye,Censure Motion,MINISTER FOR IMMIGRATION AND MULTICULTURAL AND INDIGENOUS AFFAIRS,2003-05-29,REPS,Censure Motion,16,1,0
"Thomson, K.J.",aye,Censure Motion,MINISTER FOR IMMIGRATION AND MULTICULTURAL AND INDIGENOUS AFFAIRS,2003-05-29,REPS,Censure Motion,16,1,0
"Vamvakinou, M.",aye,Censure Motion,MINISTER FOR IMMIGRATION AND MULTICULTURAL AND INDIGENOUS AFFAIRS,2003-05-29,REPS,Censure Motion,16,1,0
"Wilkie, K.",aye,Censure Motion,MINISTER FOR IMMIGRATION AND MULTICULTURAL AND INDIGENOUS AFFAIRS,2003-05-29,REPS,Censure Motion,16,1,0
"Zahra, C.J.",aye,Censure Motion,MINISTER FOR IMMIGRATION AND MULTICULTURAL AND INDIGENOUS AFFAIRS,2003-05-29,REPS,Censure Motion,16,1,0
"Abbott, A.J.",no,Censure Motion,MINISTER FOR IMMIGRATION AND MULTICULTURAL AND INDIGENOUS AFFAIRS,2003-05-29,REPS,Censure Motion,16,1,0
"Anderson, J.D.",no,Censure Motion,MINISTER FOR IMMIGRATION AND MULTICULTURAL AND INDIGENOUS AFFAIRS,2003-05-29,REPS,Censure Motion,16,1,0
"Andrews, K.J.",no,Censure Motion,MINISTER FOR IMMIGRATION AND MULTICULTURAL AND INDIGENOUS AFFAIRS,2003-05-29,REPS,Censure Motion,16,1,0
"Bailey, F.E.",no,Censure Motion,MINISTER FOR IMMIGRATION AND MULTICULTURAL AND INDIGENOUS AFFAIRS,2003-05-29,REPS,Censure Motion,16,1,0
"Baird, B.G.",no,Censure Motion,MINISTER FOR IMMIGRATION AND MULTICULTURAL AND INDIGENOUS AFFAIRS,2003-05-29,REPS,Censure Motion,16,1,0
"Baldwin, R.C.",no,Censure Motion,MINISTER FOR IMMIGRATION AND MULTICULTURAL AND INDIGENOUS AFFAIRS,2003-05-29,REPS,Censure Motion,16,1,0
"Barresi, P.A.",no,Censure Motion,MINISTER FOR IMMIGRATION AND MULTICULTURAL AND INDIGENOUS AFFAIRS,2003-05-29,REPS,Censure Motion,16,1,0
"Bartlett, K.J.",no,Censure Motion,MINISTER FOR IMMIGRATION AND MULTICULTURAL AND INDIGENOUS AFFAIRS,2003-05-29,REPS,Censure Motion,16,1,0
"Billson, B.F.",no,Censure Motion,MINISTER FOR IMMIGRATION AND MULTICULTURAL AND INDIGENOUS AFFAIRS,2003-05-29,REPS,Censure Motion,16,1,0
"Bishop, B.K.",no,Censure Motion,MINISTER FOR IMMIGRATION AND MULTICULTURAL AND INDIGENOUS AFFAIRS,2003-05-29,REPS,Censure Motion,16,1,0
"Bishop, J.I.",no,Censure Motion,MINISTER FOR IMMIGRATION AND MULTICULTURAL AND INDIGENOUS AFFAIRS,2003-05-29,REPS,Censure Motion,16,1,0
"Brough, M.T.",no,Censure Motion,MINISTER FOR IMMIGRATION AND MULTICULTURAL AND INDIGENOUS AFFAIRS,2003-05-29,REPS,Censure Motion,16,1,0
"Cadman, A.G.",no,Censure Motion,MINISTER FOR IMMIGRATION AND MULTICULTURAL AND INDIGENOUS AFFAIRS,2003-05-29,REPS,Censure Motion,16,1,0
"Cameron, R.A.",no,Censure Motion,MINISTER FOR IMMIGRATION AND MULTICULTURAL AND INDIGENOUS AFFAIRS,2003-05-29,REPS,Censure Motion,16,1,0
"Causley, I.R.",no,Censure Motion,MINISTER FOR IMMIGRATION AND MULTICULTURAL AND INDIGENOUS AFFAIRS,2003-05-29,REPS,Censure Motion,16,1,0
"Charles, R.E.",no,Censure Motion,MINISTER FOR IMMIGRATION AND MULTICULTURAL AND INDIGENOUS AFFAIRS,2003-05-29,REPS,Censure Motion,16,1,0
"Ciobo, S.M.",no,Censure Motion,MINISTER FOR IMMIGRATION AND MULTICULTURAL AND INDIGENOUS AFFAIRS,2003-05-29,REPS,Censure Motion,16,1,0
"Cobb, J.K.",no,Censure Motion,MINISTER FOR IMMIGRATION AND MULTICULTURAL AND INDIGENOUS AFFAIRS,2003-05-29,REPS,Censure Motion,16,1,0
"Costello, P.H.",no,Censure Motion,MINISTER FOR IMMIGRATION AND MULTICULTURAL AND INDIGENOUS AFFAIRS,2003-05-29,REPS,Censure Motion,16,1,0
"Downer, A.J.G.",no,Censure Motion,MINISTER FOR IMMIGRATION AND MULTICULTURAL AND INDIGENOUS AFFAIRS,2003-05-29,REPS,Censure Motion,16,1,0
"Draper, P.",no,Censure Motion,MINISTER FOR IMMIGRATION AND MULTICULTURAL AND INDIGENOUS AFFAIRS,2003-05-29,REPS,Censure Motion,16,1,0
"Dutton, P.C.",no,Censure Motion,MINISTER FOR IMMIGRATION AND MULTICULTURAL AND INDIGENOUS AFFAIRS,2003-05-29,REPS,Censure Motion,16,1,0
"Elson, K.S.",no,Censure Motion,MINISTER FOR IMMIGRATION AND MULTICULTURAL AND INDIGENOUS AFFAIRS,2003-05-29,REPS,Censure Motion,16,1,0
"Entsch, W.G.",no,Censure Motion,MINISTER FOR IMMIGRATION AND MULTICULTURAL AND INDIGENOUS AFFAIRS,2003-05-29,REPS,Censure Motion,16,1,0
"Farmer, P.F.",no,Censure Motion,MINISTER FOR IMMIGRATION AND MULTICULTURAL AND INDIGENOUS AFFAIRS,2003-05-29,REPS,Censure Motion,16,1,0
"Forrest, J.A. *",no,Censure Motion,MINISTER FOR IMMIGRATION AND MULTICULTURAL AND INDIGENOUS AFFAIRS,2003-05-29,REPS,Censure Motion,16,1,0
"Gallus, C.A.",no,Censure Motion,MINISTER FOR IMMIGRATION AND MULTICULTURAL AND INDIGENOUS AFFAIRS,2003-05-29,REPS,Censure Motion,16,1,0
"Gambaro, T.",no,Censure Motion,MINISTER FOR IMMIGRATION AND MULTICULTURAL AND INDIGENOUS AFFAIRS,2003-05-29,REPS,Censure Motion,16,1,0
"Gash, J.",no,Censure Motion,MINISTER FOR IMMIGRATION AND MULTICULTURAL AND INDIGENOUS AFFAIRS,2003-05-29,REPS,Censure Motion,16,1,0
"Georgiou, P.",no,Censure Motion,MINISTER FOR IMMIGRATION AND MULTICULTURAL AND INDIGENOUS AFFAIRS,2003-05-29,REPS,Censure Motion,16,1,0
"Haase, B.W.",no,Censure Motion,MINISTER FOR IMMIGRATION AND MULTICULTURAL AND INDIGENOUS AFFAIRS,2003-05-29,REPS,Censure Motion,16,1,0
"Hardgrave, G.D.",no,Censure Motion,MINISTER FOR IMMIGRATION AND MULTICULTURAL AND INDIGENOUS AFFAIRS,2003-05-29,REPS,Censure Motion,16,1,0
"Hartsuyker, L.",no,Censure Motion,MINISTER FOR IMMIGRATION AND MULTICULTURAL AND INDIGENOUS AFFAIRS,2003-05-29,REPS,Censure Motion,16,1,0
"Hawker, D.P.M.",no,Censure Motion,MINISTER FOR IMMIGRATION AND MULTICULTURAL AND INDIGENOUS AFFAIRS,2003-05-29,REPS,Censure Motion,16,1,0
"Hockey, J.B.",no,Censure Motion,MINISTER FOR IMMIGRATION AND MULTICULTURAL AND INDIGENOUS AFFAIRS,2003-05-29,REPS,Censure Motion,16,1,0
"Howard, J.W.",no,Censure Motion,MINISTER FOR IMMIGRATION AND MULTICULTURAL AND INDIGENOUS AFFAIRS,2003-05-29,REPS,Censure Motion,16,1,0
"Hull, K.E.",no,Censure Motion,MINISTER FOR IMMIGRATION AND MULTICULTURAL AND INDIGENOUS AFFAIRS,2003-05-29,REPS,Censure Motion,16,1,0
"Hunt, G.A.",no,Censure Motion,MINISTER FOR IMMIGRATION AND MULTICULTURAL AND INDIGENOUS AFFAIRS,2003-05-29,REPS,Censure Motion,16,1,0
"Johnson, M.A.",no,Censure Motion,MINISTER FOR IMMIGRATION AND MULTICULTURAL AND INDIGENOUS AFFAIRS,2003-05-29,REPS,Censure Motion,16,1,0
"Jull, D.F.",no,Censure Motion,MINISTER FOR IMMIGRATION AND MULTICULTURAL AND INDIGENOUS AFFAIRS,2003-05-29,REPS,Censure Motion,16,1,0
"Kelly, D.M.",no,Censure Motion,MINISTER FOR IMMIGRATION AND MULTICULTURAL AND INDIGENOUS AFFAIRS,2003-05-29,REPS,Censure Motion,16,1,0
"Kemp, D.A.",no,Censure Motion,MINISTER FOR IMMIGRATION AND MULTICULTURAL AND INDIGENOUS AFFAIRS,2003-05-29,REPS,Censure Motion,16,1,0
"King, P.E.",no,Censure Motion,MINISTER FOR IMMIGRATION AND MULTICULTURAL AND INDIGENOUS AFFAIRS,2003-05-29,REPS,Censure Motion,16,1,0
"Ley, S.P.",no,Censure Motion,MINISTER FOR IMMIGRATION AND MULTICULTURAL AND INDIGENOUS AFFAIRS,2003-05-29,REPS,Censure Motion,16,1,0
"Lindsay, P.J.",no,Censure Motion,MINISTER FOR IMMIGRATION AND MULTICULTURAL AND INDIGENOUS AFFAIRS,2003-05-29,REPS,Censure Motion,16,1,0
"Lloyd, J.E.",no,Censure Motion,MINISTER FOR IMMIGRATION AND MULTICULTURAL AND INDIGENOUS AFFAIRS,2003-05-29,REPS,Censure Motion,16,1,0
"May, M.A.",no,Censure Motion,MINISTER FOR IMMIGRATION AND MULTICULTURAL AND INDIGENOUS AFFAIRS,2003-05-29,REPS,Censure Motion,16,1,0
"McArthur, S. *",no,Censure Motion,MINISTER FOR IMMIGRATION AND MULTICULTURAL AND INDIGENOUS AFFAIRS,2003-05-29,REPS,Censure Motion,16,1,0
"McGauran, P.J.",no,Censure Motion,MINISTER FOR IMMIGRATION AND MULTICULTURAL AND INDIGENOUS AFFAIRS,2003-05-29,REPS,Censure Motion,16,1,0
"Moylan, J. E.",no,Censure Motion,MINISTER FOR IMMIGRATION AND MULTICULTURAL AND INDIGENOUS AFFAIRS,2003-05-29,REPS,Censure Motion,16,1,0
"Nairn, G. R.",no,Censure Motion,MINISTER FOR IMMIGRATION AND MULTICULTURAL AND INDIGENOUS AFFAIRS,2003-05-29,REPS,Censure Motion,16,1,0
"Nelson, B.J.",no,Censure Motion,MINISTER FOR IMMIGRATION AND MULTICULTURAL AND INDIGENOUS AFFAIRS,2003-05-29,REPS,Censure Motion,16,1,0
"Neville, P.C.",no,Censure Motion,MINISTER FOR IMMIGRATION AND MULTICULTURAL AND INDIGENOUS AFFAIRS,2003-05-29,REPS,Censure Motion,16,1,0
"Panopoulos, S.",no,Censure Motion,MINISTER FOR IMMIGRATION AND MULTICULTURAL AND INDIGENOUS AFFAIRS,2003-05-29,REPS,Censure Motion,16,1,0
"Pearce, C.J.",no,Censure Motion,MINISTER FOR IMMIGRATION AND MULTICULTURAL AND INDIGENOUS AFFAIRS,2003-05-29,REPS,Censure Motion,16,1,0
"Prosser, G.D.",no,Censure Motion,MINISTER FOR IMMIGRATION AND MULTICULTURAL AND INDIGENOUS AFFAIRS,2003-05-29,REPS,Censure Motion,16,1,0
"Pyne, C.",no,Censure Motion,MINISTER FOR IMMIGRATION AND MULTICULTURAL AND INDIGENOUS AFFAIRS,2003-05-29,REPS,Censure Motion,16,1,0
"Randall, D.J.",no,Censure Motion,MINISTER FOR IMMIGRATION AND MULTICULTURAL AND INDIGENOUS AFFAIRS,2003-05-29,REPS,Censure Motion,16,1,0
"Ruddock, P.M.",no,Censure Motion,MINISTER FOR IMMIGRATION AND MULTICULTURAL AND INDIGENOUS AFFAIRS,2003-05-29,REPS,Censure Motion,16,1,0
"Schultz, A.",no,Censure Motion,MINISTER FOR IMMIGRATION AND MULTICULTURAL AND INDIGENOUS AFFAIRS,2003-05-29,REPS,Censure Motion,16,1,0
"Scott, B.C.",no,Censure Motion,MINISTER FOR IMMIGRATION AND MULTICULTURAL AND INDIGENOUS AFFAIRS,2003-05-29,REPS,Censure Motion,16,1,0
"Secker, P.D.",no,Censure Motion,MINISTER FOR IMMIGRATION AND MULTICULTURAL AND INDIGENOUS AFFAIRS,2003-05-29,REPS,Censure Motion,16,1,0
"Slipper, P.N.",no,Censure Motion,MINISTER FOR IMMIGRATION AND MULTICULTURAL AND INDIGENOUS AFFAIRS,2003-05-29,REPS,Censure Motion,16,1,0
"Smith, A.D.H.",no,Censure Motion,MINISTER FOR IMMIGRATION AND MULTICULTURAL AND INDIGENOUS AFFAIRS,2003-05-29,REPS,Censure Motion,16,1,0
"Somlyay, A.M.",no,Censure Motion,MINISTER FOR IMMIGRATION AND MULTICULTURAL AND INDIGENOUS AFFAIRS,2003-05-29,REPS,Censure Motion,16,1,0
"Southcott, A.J.",no,Censure Motion,MINISTER FOR IMMIGRATION AND MULTICULTURAL AND INDIGENOUS AFFAIRS,2003-05-29,REPS,Censure Motion,16,1,0
"Stone, S.N.",no,Censure Motion,MINISTER FOR IMMIGRATION AND MULTICULTURAL AND INDIGENOUS AFFAIRS,2003-05-29,REPS,Censure Motion,16,1,0
"Thompson, C.P.",no,Censure Motion,MINISTER FOR IMMIGRATION AND MULTICULTURAL AND INDIGENOUS AFFAIRS,2003-05-29,REPS,Censure Motion,16,1,0
"Ticehurst, K.V.",no,Censure Motion,MINISTER FOR IMMIGRATION AND MULTICULTURAL AND INDIGENOUS AFFAIRS,2003-05-29,REPS,Censure Motion,16,1,0
"Tollner, D.W.",no,Censure Motion,MINISTER FOR IMMIGRATION AND MULTICULTURAL AND INDIGENOUS AFFAIRS,2003-05-29,REPS,Censure Motion,16,1,0
"Truss, W.E.",no,Censure Motion,MINISTER FOR IMMIGRATION AND MULTICULTURAL AND INDIGENOUS AFFAIRS,2003-05-29,REPS,Censure Motion,16,1,0
"Tuckey, C.W.",no,Censure Motion,MINISTER FOR IMMIGRATION AND MULTICULTURAL AND INDIGENOUS AFFAIRS,2003-05-29,REPS,Censure Motion,16,1,0
"Vaile, M.A.J.",no,Censure Motion,MINISTER FOR IMMIGRATION AND MULTICULTURAL AND INDIGENOUS AFFAIRS,2003-05-29,REPS,Censure Motion,16,1,0
"Vale, D.S.",no,Censure Motion,MINISTER FOR IMMIGRATION AND MULTICULTURAL AND INDIGENOUS AFFAIRS,2003-05-29,REPS,Censure Motion,16,1,0
"Wakelin, B.H.",no,Censure Motion,MINISTER FOR IMMIGRATION AND MULTICULTURAL AND INDIGENOUS AFFAIRS,2003-05-29,REPS,Censure Motion,16,1,0
"Washer, M.J.",no,Censure Motion,MINISTER FOR IMMIGRATION AND MULTICULTURAL AND INDIGENOUS AFFAIRS,2003-05-29,REPS,Censure Motion,16,1,0
"Williams, D.R.",no,Censure Motion,MINISTER FOR IMMIGRATION AND MULTICULTURAL AND INDIGENOUS AFFAIRS,2003-05-29,REPS,Censure Motion,16,1,0
"Worth, P.M.",no,Censure Motion,MINISTER FOR IMMIGRATION AND MULTICULTURAL AND INDIGENOUS AFFAIRS,2003-05-29,REPS,Censure Motion,16,1,0
"Abbott, A.J.",aye,Censure Motion,MINISTER FOR IMMIGRATION AND MULTICULTURAL AND INDIGENOUS AFFAIRS,2003-05-29,REPS,Censure Motion,16,1,1
"Anderson, J.D.",aye,Censure Motion,MINISTER FOR IMMIGRATION AND MULTICULTURAL AND INDIGENOUS AFFAIRS,2003-05-29,REPS,Censure Motion,16,1,1
"Andrews, K.J.",aye,Censure Motion,MINISTER FOR IMMIGRATION AND MULTICULTURAL AND INDIGENOUS AFFAIRS,2003-05-29,REPS,Censure Motion,16,1,1
"Bailey, F.E.",aye,Censure Motion,MINISTER FOR IMMIGRATION AND MULTICULTURAL AND INDIGENOUS AFFAIRS,2003-05-29,REPS,Censure Motion,16,1,1
"Baird, B.G.",aye,Censure Motion,MINISTER FOR IMMIGRATION AND MULTICULTURAL AND INDIGENOUS AFFAIRS,2003-05-29,REPS,Censure Motion,16,1,1
"Baldwin, R.C.",aye,Censure Motion,MINISTER FOR IMMIGRATION AND MULTICULTURAL AND INDIGENOUS AFFAIRS,2003-05-29,REPS,Censure Motion,16,1,1
"Barresi, P.A.",aye,Censure Motion,MINISTER FOR IMMIGRATION AND MULTICULTURAL AND INDIGENOUS AFFAIRS,2003-05-29,REPS,Censure Motion,16,1,1
"Bartlett, K.J.",aye,Censure Motion,MINISTER FOR IMMIGRATION AND MULTICULTURAL AND INDIGENOUS AFFAIRS,2003-05-29,REPS,Censure Motion,16,1,1
"Billson, B.F.",aye,Censure Motion,MINISTER FOR IMMIGRATION AND MULTICULTURAL AND INDIGENOUS AFFAIRS,2003-05-29,REPS,Censure Motion,16,1,1
"Bishop, B.K.",aye,Censure Motion,MINISTER FOR IMMIGRATION AND MULTICULTURAL AND INDIGENOUS AFFAIRS,2003-05-29,REPS,Censure Motion,16,1,1
"Bishop, J.I.",aye,Censure Motion,MINISTER FOR IMMIGRATION AND MULTICULTURAL AND INDIGENOUS AFFAIRS,2003-05-29,REPS,Censure Motion,16,1,1
"Brough, M.T.",aye,Censure Motion,MINISTER FOR IMMIGRATION AND MULTICULTURAL AND INDIGENOUS AFFAIRS,2003-05-29,REPS,Censure Motion,16,1,1
"Cadman, A.G.",aye,Censure Motion,MINISTER FOR IMMIGRATION AND MULTICULTURAL AND INDIGENOUS AFFAIRS,2003-05-29,REPS,Censure Motion,16,1,1
"Cameron, R.A.",aye,Censure Motion,MINISTER FOR IMMIGRATION AND MULTICULTURAL AND INDIGENOUS AFFAIRS,2003-05-29,REPS,Censure Motion,16,1,1
"Causley, I.R.",aye,Censure Motion,MINISTER FOR IMMIGRATION AND MULTICULTURAL AND INDIGENOUS AFFAIRS,2003-05-29,REPS,Censure Motion,16,1,1
"Charles, R.E.",aye,Censure Motion,MINISTER FOR IMMIGRATION AND MULTICULTURAL AND INDIGENOUS AFFAIRS,2003-05-29,REPS,Censure Motion,16,1,1
"Ciobo, S.M.",aye,Censure Motion,MINISTER FOR IMMIGRATION AND MULTICULTURAL AND INDIGENOUS AFFAIRS,2003-05-29,REPS,Censure Motion,16,1,1
"Cobb, J.K.",aye,Censure Motion,MINISTER FOR IMMIGRATION AND MULTICULTURAL AND INDIGENOUS AFFAIRS,2003-05-29,REPS,Censure Motion,16,1,1
"Costello, P.H.",aye,Censure Motion,MINISTER FOR IMMIGRATION AND MULTICULTURAL AND INDIGENOUS AFFAIRS,2003-05-29,REPS,Censure Motion,16,1,1
"Downer, A.J.G.",aye,Censure Motion,MINISTER FOR IMMIGRATION AND MULTICULTURAL AND INDIGENOUS AFFAIRS,2003-05-29,REPS,Censure Motion,16,1,1
"Draper, P.",aye,Censure Motion,MINISTER FOR IMMIGRATION AND MULTICULTURAL AND INDIGENOUS AFFAIRS,2003-05-29,REPS,Censure Motion,16,1,1
"Dutton, P.C.",aye,Censure Motion,MINISTER FOR IMMIGRATION AND MULTICULTURAL AND INDIGENOUS AFFAIRS,2003-05-29,REPS,Censure Motion,16,1,1
"Elson, K.S.",aye,Censure Motion,MINISTER FOR IMMIGRATION AND MULTICULTURAL AND INDIGENOUS AFFAIRS,2003-05-29,REPS,Censure Motion,16,1,1
"Entsch, W.G.",aye,Censure Motion,MINISTER FOR IMMIGRATION AND MULTICULTURAL AND INDIGENOUS AFFAIRS,2003-05-29,REPS,Censure Motion,16,1,1
"Farmer, P.F.",aye,Censure Motion,MINISTER FOR IMMIGRATION AND MULTICULTURAL AND INDIGENOUS AFFAIRS,2003-05-29,REPS,Censure Motion,16,1,1
"Forrest, J.A. *",aye,Censure Motion,MINISTER FOR IMMIGRATION AND MULTICULTURAL AND INDIGENOUS AFFAIRS,2003-05-29,REPS,Censure Motion,16,1,1
"Gallus, C.A.",aye,Censure Motion,MINISTER FOR IMMIGRATION AND MULTICULTURAL AND INDIGENOUS AFFAIRS,2003-05-29,REPS,Censure Motion,16,1,1
"Gambaro, T.",aye,Censure Motion,MINISTER FOR IMMIGRATION AND MULTICULTURAL AND INDIGENOUS AFFAIRS,2003-05-29,REPS,Censure Motion,16,1,1
"Gash, J.",aye,Censure Motion,MINISTER FOR IMMIGRATION AND MULTICULTURAL AND INDIGENOUS AFFAIRS,2003-05-29,REPS,Censure Motion,16,1,1
"Georgiou, P.",aye,Censure Motion,MINISTER FOR IMMIGRATION AND MULTICULTURAL AND INDIGENOUS AFFAIRS,2003-05-29,REPS,Censure Motion,16,1,1
"Haase, B.W.",aye,Censure Motion,MINISTER FOR IMMIGRATION AND MULTICULTURAL AND INDIGENOUS AFFAIRS,2003-05-29,REPS,Censure Motion,16,1,1
"Hardgrave, G.D.",aye,Censure Motion,MINISTER FOR IMMIGRATION AND MULTICULTURAL AND INDIGENOUS AFFAIRS,2003-05-29,REPS,Censure Motion,16,1,1
"Hartsuyker, L.",aye,Censure Motion,MINISTER FOR IMMIGRATION AND MULTICULTURAL AND INDIGENOUS AFFAIRS,2003-05-29,REPS,Censure Motion,16,1,1
"Hawker, D.P.M.",aye,Censure Motion,MINISTER FOR IMMIGRATION AND MULTICULTURAL AND INDIGENOUS AFFAIRS,2003-05-29,REPS,Censure Motion,16,1,1
"Hockey, J.B.",aye,Censure Motion,MINISTER FOR IMMIGRATION AND MULTICULTURAL AND INDIGENOUS AFFAIRS,2003-05-29,REPS,Censure Motion,16,1,1
"Howard, J.W.",aye,Censure Motion,MINISTER FOR IMMIGRATION AND MULTICULTURAL AND INDIGENOUS AFFAIRS,2003-05-29,REPS,Censure Motion,16,1,1
"Hull, K.E.",aye,Censure Motion,MINISTER FOR IMMIGRATION AND MULTICULTURAL AND INDIGENOUS AFFAIRS,2003-05-29,REPS,Censure Motion,16,1,1
"Hunt, G.A.",aye,Censure Motion,MINISTER FOR IMMIGRATION AND MULTICULTURAL AND INDIGENOUS AFFAIRS,2003-05-29,REPS,Censure Motion,16,1,1
"Johnson, M.A.",aye,Censure Motion,MINISTER FOR IMMIGRATION AND MULTICULTURAL AND INDIGENOUS AFFAIRS,2003-05-29,REPS,Censure Motion,16,1,1
"Jull, D.F.",aye,Censure Motion,MINISTER FOR IMMIGRATION AND MULTICULTURAL AND INDIGENOUS AFFAIRS,2003-05-29,REPS,Censure Motion,16,1,1
"Kelly, D.M.",aye,Censure Motion,MINISTER FOR IMMIGRATION AND MULTICULTURAL AND INDIGENOUS AFFAIRS,2003-05-29,REPS,Censure Motion,16,1,1
"Kemp, D.A.",aye,Censure Motion,MINISTER FOR IMMIGRATION AND MULTICULTURAL AND INDIGENOUS AFFAIRS,2003-05-29,REPS,Censure Motion,16,1,1
"King, P.E.",aye,Censure Motion,MINISTER FOR IMMIGRATION AND MULTICULTURAL AND INDIGENOUS AFFAIRS,2003-05-29,REPS,Censure Motion,16,1,1
"Ley, S.P.",aye,Censure Motion,MINISTER FOR IMMIGRATION AND MULTICULTURAL AND INDIGENOUS AFFAIRS,2003-05-29,REPS,Censure Motion,16,1,1
"Lindsay, P.J.",aye,Censure Motion,MINISTER FOR IMMIGRATION AND MULTICULTURAL AND INDIGENOUS AFFAIRS,2003-05-29,REPS,Censure Motion,16,1,1
"Lloyd, J.E.",aye,Censure Motion,MINISTER FOR IMMIGRATION AND MULTICULTURAL AND INDIGENOUS AFFAIRS,2003-05-29,REPS,Censure Motion,16,1,1
"May, M.A.",aye,Censure Motion,MINISTER FOR IMMIGRATION AND MULTICULTURAL AND INDIGENOUS AFFAIRS,2003-05-29,REPS,Censure Motion,16,1,1
"McArthur, S. *",aye,Censure Motion,MINISTER FOR IMMIGRATION AND MULTICULTURAL AND INDIGENOUS AFFAIRS,2003-05-29,REPS,Censure Motion,16,1,1
"McGauran, P.J.",aye,Censure Motion,MINISTER FOR IMMIGRATION AND MULTICULTURAL AND INDIGENOUS AFFAIRS,2003-05-29,REPS,Censure Motion,16,1,1
"Moylan, J. E.",aye,Censure Motion,MINISTER FOR IMMIGRATION AND MULTICULTURAL AND INDIGENOUS AFFAIRS,2003-05-29,REPS,Censure Motion,16,1,1
"Nairn, G. R.",aye,Censure Motion,MINISTER FOR IMMIGRATION AND MULTICULTURAL AND INDIGENOUS AFFAIRS,2003-05-29,REPS,Censure Motion,16,1,1
"Nelson, B.J.",aye,Censure Motion,MINISTER FOR IMMIGRATION AND MULTICULTURAL AND INDIGENOUS AFFAIRS,2003-05-29,REPS,Censure Motion,16,1,1
"Neville, P.C.",aye,Censure Motion,MINISTER FOR IMMIGRATION AND MULTICULTURAL AND INDIGENOUS AFFAIRS,2003-05-29,REPS,Censure Motion,16,1,1
"Panopoulos, S.",aye,Censure Motion,MINISTER FOR IMMIGRATION AND MULTICULTURAL AND INDIGENOUS AFFAIRS,2003-05-29,REPS,Censure Motion,16,1,1
"Pearce, C.J.",aye,Censure Motion,MINISTER FOR IMMIGRATION AND MULTICULTURAL AND INDIGENOUS AFFAIRS,2003-05-29,REPS,Censure Motion,16,1,1
"Prosser, G.D.",aye,Censure Motion,MINISTER FOR IMMIGRATION AND MULTICULTURAL AND INDIGENOUS AFFAIRS,2003-05-29,REPS,Censure Motion,16,1,1
"Pyne, C.",aye,Censure Motion,MINISTER FOR IMMIGRATION AND MULTICULTURAL AND INDIGENOUS AFFAIRS,2003-05-29,REPS,Censure Motion,16,1,1
"Randall, D.J.",aye,Censure Motion,MINISTER FOR IMMIGRATION AND MULTICULTURAL AND INDIGENOUS AFFAIRS,2003-05-29,REPS,Censure Motion,16,1,1
"Ruddock, P.M.",aye,Censure Motion,MINISTER FOR IMMIGRATION AND MULTICULTURAL AND INDIGENOUS AFFAIRS,2003-05-29,REPS,Censure Motion,16,1,1
"Schultz, A.",aye,Censure Motion,MINISTER FOR IMMIGRATION AND MULTICULTURAL AND INDIGENOUS AFFAIRS,2003-05-29,REPS,Censure Motion,16,1,1
"Scott, B.C.",aye,Censure Motion,MINISTER FOR IMMIGRATION AND MULTICULTURAL AND INDIGENOUS AFFAIRS,2003-05-29,REPS,Censure Motion,16,1,1
"Secker, P.D.",aye,Censure Motion,MINISTER FOR IMMIGRATION AND MULTICULTURAL AND INDIGENOUS AFFAIRS,2003-05-29,REPS,Censure Motion,16,1,1
"Slipper, P.N.",aye,Censure Motion,MINISTER FOR IMMIGRATION AND MULTICULTURAL AND INDIGENOUS AFFAIRS,2003-05-29,REPS,Censure Motion,16,1,1
"Smith, A.D.H.",aye,Censure Motion,MINISTER FOR IMMIGRATION AND MULTICULTURAL AND INDIGENOUS AFFAIRS,2003-05-29,REPS,Censure Motion,16,1,1
"Somlyay, A.M.",aye,Censure Motion,MINISTER FOR IMMIGRATION AND MULTICULTURAL AND INDIGENOUS AFFAIRS,2003-05-29,REPS,Censure Motion,16,1,1
"Southcott, A.J.",aye,Censure Motion,MINISTER FOR IMMIGRATION AND MULTICULTURAL AND INDIGENOUS AFFAIRS,2003-05-29,REPS,Censure Motion,16,1,1
"Stone, S.N.",aye,Censure Motion,MINISTER FOR IMMIGRATION AND MULTICULTURAL AND INDIGENOUS AFFAIRS,2003-05-29,REPS,Censure Motion,16,1,1
"Thompson, C.P.",aye,Censure Motion,MINISTER FOR IMMIGRATION AND MULTICULTURAL AND INDIGENOUS AFFAIRS,2003-05-29,REPS,Censure Motion,16,1,1
"Ticehurst, K.V.",aye,Censure Motion,MINISTER FOR IMMIGRATION AND MULTICULTURAL AND INDIGENOUS AFFAIRS,2003-05-29,REPS,Censure Motion,16,1,1
"Tollner, D.W.",aye,Censure Motion,MINISTER FOR IMMIGRATION AND MULTICULTURAL AND INDIGENOUS AFFAIRS,2003-05-29,REPS,Censure Motion,16,1,1
"Truss, W.E.",aye,Censure Motion,MINISTER FOR IMMIGRATION AND MULTICULTURAL AND INDIGENOUS AFFAIRS,2003-05-29,REPS,Censure Motion,16,1,1
"Tuckey, C.W.",aye,Censure Motion,MINISTER FOR IMMIGRATION AND MULTICULTURAL AND INDIGENOUS AFFAIRS,2003-05-29,REPS,Censure Motion,16,1,1
"Vaile, M.A.J.",aye,Censure Motion,MINISTER FOR IMMIGRATION AND MULTICULTURAL AND INDIGENOUS AFFAIRS,2003-05-29,REPS,Censure Motion,16,1,1
"Vale, D.S.",aye,Censure Motion,MINISTER FOR IMMIGRATION AND MULTICULTURAL AND INDIGENOUS AFFAIRS,2003-05-29,REPS,Censure Motion,16,1,1
"Wakelin, B.H.",aye,Censure Motion,MINISTER FOR IMMIGRATION AND MULTICULTURAL AND INDIGENOUS AFFAIRS,2003-05-29,REPS,Censure Motion,16,1,1
"Washer, M.J.",aye,Censure Motion,MINISTER FOR IMMIGRATION AND MULTICULTURAL AND INDIGENOUS AFFAIRS,2003-05-29,REPS,Censure Motion,16,1,1
"Williams, D.R.",aye,Censure Motion,MINISTER FOR IMMIGRATION AND MULTICULTURAL AND INDIGENOUS AFFAIRS,2003-05-29,REPS,Censure Motion,16,1,1
"Worth, P.M.",aye,Censure Motion,MINISTER FOR IMMIGRATION AND MULTICULTURAL AND INDIGENOUS AFFAIRS,2003-05-29,REPS,Censure Motion,16,1,1
"Adams, D.G.H.",no,Censure Motion,MINISTER FOR IMMIGRATION AND MULTICULTURAL AND INDIGENOUS AFFAIRS,2003-05-29,REPS,Censure Motion,16,1,1
"Bevis, A.R.",no,Censure Motion,MINISTER FOR IMMIGRATION AND MULTICULTURAL AND INDIGENOUS AFFAIRS,2003-05-29,REPS,Censure Motion,16,1,1
"Brereton, L.J.",no,Censure Motion,MINISTER FOR IMMIGRATION AND MULTICULTURAL AND INDIGENOUS AFFAIRS,2003-05-29,REPS,Censure Motion,16,1,1
"Burke, A.E.",no,Censure Motion,MINISTER FOR IMMIGRATION AND MULTICULTURAL AND INDIGENOUS AFFAIRS,2003-05-29,REPS,Censure Motion,16,1,1
"Byrne, A.M.",no,Censure Motion,MINISTER FOR IMMIGRATION AND MULTICULTURAL AND INDIGENOUS AFFAIRS,2003-05-29,REPS,Censure Motion,16,1,1
"Corcoran, A.K.",no,Censure Motion,MINISTER FOR IMMIGRATION AND MULTICULTURAL AND INDIGENOUS AFFAIRS,2003-05-29,REPS,Censure Motion,16,1,1
"Cox, D.A.",no,Censure Motion,MINISTER FOR IMMIGRATION AND MULTICULTURAL AND INDIGENOUS AFFAIRS,2003-05-29,REPS,Censure Motion,16,1,1
"Crean, S.F.",no,Censure Motion,MINISTER FOR IMMIGRATION AND MULTICULTURAL AND INDIGENOUS AFFAIRS,2003-05-29,REPS,Censure Motion,16,1,1
"Crosio, J.A.",no,Censure Motion,MINISTER FOR IMMIGRATION AND MULTICULTURAL AND INDIGENOUS AFFAIRS,2003-05-29,REPS,Censure Motion,16,1,1
"Danby, M. *",no,Censure Motion,MINISTER FOR IMMIGRATION AND MULTICULTURAL AND INDIGENOUS AFFAIRS,2003-05-29,REPS,Censure Motion,16,1,1
"Edwards, G.J.",no,Censure Motion,MINISTER FOR IMMIGRATION AND MULTICULTURAL AND INDIGENOUS AFFAIRS,2003-05-29,REPS,Censure Motion,16,1,1
"Ellis, A.L.",no,Censure Motion,MINISTER FOR IMMIGRATION AND MULTICULTURAL AND INDIGENOUS AFFAIRS,2003-05-29,REPS,Censure Motion,16,1,1
"Emerson, C.A.",no,Censure Motion,MINISTER FOR IMMIGRATION AND MULTICULTURAL AND INDIGENOUS AFFAIRS,2003-05-29,REPS,Censure Motion,16,1,1
"Evans, M.J.",no,Censure Motion,MINISTER FOR IMMIGRATION AND MULTICULTURAL AND INDIGENOUS AFFAIRS,2003-05-29,REPS,Censure Motion,16,1,1
"Ferguson, L.D.T.",no,Censure Motion,MINISTER FOR IMMIGRATION AND MULTICULTURAL AND INDIGENOUS AFFAIRS,2003-05-29,REPS,Censure Motion,16,1,1
"Ferguson, M.J.",no,Censure Motion,MINISTER FOR IMMIGRATION AND MULTICULTURAL AND INDIGENOUS AFFAIRS,2003-05-29,REPS,Censure Motion,16,1,1
"Fitzgibbon, J.A.",no,Censure Motion,MINISTER FOR IMMIGRATION AND MULTICULTURAL AND INDIGENOUS AFFAIRS,2003-05-29,REPS,Censure Motion,16,1,1
"George, J.",no,Censure Motion,MINISTER FOR IMMIGRATION AND MULTICULTURAL AND INDIGENOUS AFFAIRS,2003-05-29,REPS,Censure Motion,16,1,1
"Gibbons, S.W.",no,Censure Motion,MINISTER FOR IMMIGRATION AND MULTICULTURAL AND INDIGENOUS AFFAIRS,2003-05-29,REPS,Censure Motion,16,1,1
"Gillard, J.E.",no,Censure Motion,MINISTER FOR IMMIGRATION AND MULTICULTURAL AND INDIGENOUS AFFAIRS,2003-05-29,REPS,Censure Motion,16,1,1
"Grierson, S.J.",no,Censure Motion,MINISTER FOR IMMIGRATION AND MULTICULTURAL AND INDIGENOUS AFFAIRS,2003-05-29,REPS,Censure Motion,16,1,1
"Griffin, A.P.",no,Censure Motion,MINISTER FOR IMMIGRATION AND MULTICULTURAL AND INDIGENOUS AFFAIRS,2003-05-29,REPS,Censure Motion,16,1,1
"Hall, J.G.",no,Censure Motion,MINISTER FOR IMMIGRATION AND MULTICULTURAL AND INDIGENOUS AFFAIRS,2003-05-29,REPS,Censure Motion,16,1,1
"Hatton, M.J.",no,Censure Motion,MINISTER FOR IMMIGRATION AND MULTICULTURAL AND INDIGENOUS AFFAIRS,2003-05-29,REPS,Censure Motion,16,1,1
"Hoare, K.J.",no,Censure Motion,MINISTER FOR IMMIGRATION AND MULTICULTURAL AND INDIGENOUS AFFAIRS,2003-05-29,REPS,Censure Motion,16,1,1
"Irwin, J.",no,Censure Motion,MINISTER FOR IMMIGRATION AND MULTICULTURAL AND INDIGENOUS AFFAIRS,2003-05-29,REPS,Censure Motion,16,1,1
"Jackson, S.M.",no,Censure Motion,MINISTER FOR IMMIGRATION AND MULTICULTURAL AND INDIGENOUS AFFAIRS,2003-05-29,REPS,Censure Motion,16,1,1
"Jenkins, H.A.",no,Censure Motion,MINISTER FOR IMMIGRATION AND MULTICULTURAL AND INDIGENOUS AFFAIRS,2003-05-29,REPS,Censure Motion,16,1,1
"Kerr, D.J.C.",no,Censure Motion,MINISTER FOR IMMIGRATION AND MULTICULTURAL AND INDIGENOUS AFFAIRS,2003-05-29,REPS,Censure Motion,16,1,1
"King, C.F.",no,Censure Motion,MINISTER FOR IMMIGRATION AND MULTICULTURAL AND INDIGENOUS AFFAIRS,2003-05-29,REPS,Censure Motion,16,1,1
"Latham, M.W.",no,Censure Motion,MINISTER FOR IMMIGRATION AND MULTICULTURAL AND INDIGENOUS AFFAIRS,2003-05-29,REPS,Censure Motion,16,1,1
"Lawrence, C.M.",no,Censure Motion,MINISTER FOR IMMIGRATION AND MULTICULTURAL AND INDIGENOUS AFFAIRS,2003-05-29,REPS,Censure Motion,16,1,1
"Livermore, K.F.",no,Censure Motion,MINISTER FOR IMMIGRATION AND MULTICULTURAL AND INDIGENOUS AFFAIRS,2003-05-29,REPS,Censure Motion,16,1,1
"Macklin, J.L.",no,Censure Motion,MINISTER FOR IMMIGRATION AND MULTICULTURAL AND INDIGENOUS AFFAIRS,2003-05-29,REPS,Censure Motion,16,1,1
"McClelland, R.B.",no,Censure Motion,MINISTER FOR IMMIGRATION AND MULTICULTURAL AND INDIGENOUS AFFAIRS,2003-05-29,REPS,Censure Motion,16,1,1
"McFarlane, J.S.",no,Censure Motion,MINISTER FOR IMMIGRATION AND MULTICULTURAL AND INDIGENOUS AFFAIRS,2003-05-29,REPS,Censure Motion,16,1,1
"McLeay, L.B.",no,Censure Motion,MINISTER FOR IMMIGRATION AND MULTICULTURAL AND INDIGENOUS AFFAIRS,2003-05-29,REPS,Censure Motion,16,1,1
"McMullan, R.F.",no,Censure Motion,MINISTER FOR IMMIGRATION AND MULTICULTURAL AND INDIGENOUS AFFAIRS,2003-05-29,REPS,Censure Motion,16,1,1
"Melham, D.",no,Censure Motion,MINISTER FOR IMMIGRATION AND MULTICULTURAL AND INDIGENOUS AFFAIRS,2003-05-29,REPS,Censure Motion,16,1,1
"Mossfield, F.W.",no,Censure Motion,MINISTER FOR IMMIGRATION AND MULTICULTURAL AND INDIGENOUS AFFAIRS,2003-05-29,REPS,Censure Motion,16,1,1
"Murphy, J. P.",no,Censure Motion,MINISTER FOR IMMIGRATION AND MULTICULTURAL AND INDIGENOUS AFFAIRS,2003-05-29,REPS,Censure Motion,16,1,1
"O'Byrne, M.A.",no,Censure Motion,MINISTER FOR IMMIGRATION AND MULTICULTURAL AND INDIGENOUS AFFAIRS,2003-05-29,REPS,Censure Motion,16,1,1
"O'Connor, G.M.",no,Censure Motion,MINISTER FOR IMMIGRATION AND MULTICULTURAL AND INDIGENOUS AFFAIRS,2003-05-29,REPS,Censure Motion,16,1,1
O',no,Censure Motion,MINISTER FOR IMMIGRATION AND MULTICULTURAL AND INDIGENOUS AFFAIRS,2003-05-29,REPS,Censure Motion,16,1,1
"Connor, B.P.",no,Censure Motion,MINISTER FOR IMMIGRATION AND MULTICULTURAL AND INDIGENOUS AFFAIRS,2003-05-29,REPS,Censure Motion,16,1,1
"Organ, M.",no,Censure Motion,MINISTER FOR IMMIGRATION AND MULTICULTURAL AND INDIGENOUS AFFAIRS,2003-05-29,REPS,Censure Motion,16,1,1
"Plibersek, T.",no,Censure Motion,MINISTER FOR IMMIGRATION AND MULTICULTURAL AND INDIGENOUS AFFAIRS,2003-05-29,REPS,Censure Motion,16,1,1
"Price, L.R.S.",no,Censure Motion,MINISTER FOR IMMIGRATION AND MULTICULTURAL AND INDIGENOUS AFFAIRS,2003-05-29,REPS,Censure Motion,16,1,1
"Quick, H.V. *",no,Censure Motion,MINISTER FOR IMMIGRATION AND MULTICULTURAL AND INDIGENOUS AFFAIRS,2003-05-29,REPS,Censure Motion,16,1,1
"Ripoll, B.F.",no,Censure Motion,MINISTER FOR IMMIGRATION AND MULTICULTURAL AND INDIGENOUS AFFAIRS,2003-05-29,REPS,Censure Motion,16,1,1
"Roxon, N.L.",no,Censure Motion,MINISTER FOR IMMIGRATION AND MULTICULTURAL AND INDIGENOUS AFFAIRS,2003-05-29,REPS,Censure Motion,16,1,1
"Sawford, R.W.",no,Censure Motion,MINISTER FOR IMMIGRATION AND MULTICULTURAL AND INDIGENOUS AFFAIRS,2003-05-29,REPS,Censure Motion,16,1,1
"Sciacca, C.A.",no,Censure Motion,MINISTER FOR IMMIGRATION AND MULTICULTURAL AND INDIGENOUS AFFAIRS,2003-05-29,REPS,Censure Motion,16,1,1
"Sercombe, R.C.G.",no,Censure Motion,MINISTER FOR IMMIGRATION AND MULTICULTURAL AND INDIGENOUS AFFAIRS,2003-05-29,REPS,Censure Motion,16,1,1
"Sidebottom, P.S.",no,Censure Motion,MINISTER FOR IMMIGRATION AND MULTICULTURAL AND INDIGENOUS AFFAIRS,2003-05-29,REPS,Censure Motion,16,1,1
"Smith, S.F.",no,Censure Motion,MINISTER FOR IMMIGRATION AND MULTICULTURAL AND INDIGENOUS AFFAIRS,2003-05-29,REPS,Censure Motion,16,1,1
"Snowdon, W.E.",no,Censure Motion,MINISTER FOR IMMIGRATION AND MULTICULTURAL AND INDIGENOUS AFFAIRS,2003-05-29,REPS,Censure Motion,16,1,1
"Swan, W.M.",no,Censure Motion,MINISTER FOR IMMIGRATION AND MULTICULTURAL AND INDIGENOUS AFFAIRS,2003-05-29,REPS,Censure Motion,16,1,1
"Tanner, L.",no,Censure Motion,MINISTER FOR IMMIGRATION AND MULTICULTURAL AND INDIGENOUS AFFAIRS,2003-05-29,REPS,Censure Motion,16,1,1
"Thomson, K.J.",no,Censure Motion,MINISTER FOR IMMIGRATION AND MULTICULTURAL AND INDIGENOUS AFFAIRS,2003-05-29,REPS,Censure Motion,16,1,1
"Vamvakinou, M.",no,Censure Motion,MINISTER FOR IMMIGRATION AND MULTICULTURAL AND INDIGENOUS AFFAIRS,2003-05-29,REPS,Censure Motion,16,1,1
"Wilkie, K.",no,Censure Motion,MINISTER FOR IMMIGRATION AND MULTICULTURAL AND INDIGENOUS AFFAIRS,2003-05-29,REPS,Censure Motion,16,1,1
"Zahra, C.J.",no,Censure Motion,MINISTER FOR IMMIGRATION AND MULTICULTURAL AND INDIGENOUS AFFAIRS,2003-05-29,REPS,Censure Motion,16,1,1
"Abbott, A.J.",aye,Censure Motion,MINISTER FOR IMMIGRATION AND MULTICULTURAL AND INDIGENOUS AFFAIRS,2003-05-29,REPS,Censure Motion,16,1,2
"Anderson, J.D.",aye,Censure Motion,MINISTER FOR IMMIGRATION AND MULTICULTURAL AND INDIGENOUS AFFAIRS,2003-05-29,REPS,Censure Motion,16,1,2
"Andrews, K.J.",aye,Censure Motion,MINISTER FOR IMMIGRATION AND MULTICULTURAL AND INDIGENOUS AFFAIRS,2003-05-29,REPS,Censure Motion,16,1,2
"Bailey, F.E.",aye,Censure Motion,MINISTER FOR IMMIGRATION AND MULTICULTURAL AND INDIGENOUS AFFAIRS,2003-05-29,REPS,Censure Motion,16,1,2
"Baird, B.G.",aye,Censure Motion,MINISTER FOR IMMIGRATION AND MULTICULTURAL AND INDIGENOUS AFFAIRS,2003-05-29,REPS,Censure Motion,16,1,2
"Baldwin, R.C.",aye,Censure Motion,MINISTER FOR IMMIGRATION AND MULTICULTURAL AND INDIGENOUS AFFAIRS,2003-05-29,REPS,Censure Motion,16,1,2
"Barresi, P.A.",aye,Censure Motion,MINISTER FOR IMMIGRATION AND MULTICULTURAL AND INDIGENOUS AFFAIRS,2003-05-29,REPS,Censure Motion,16,1,2
"Bartlett, K.J.",aye,Censure Motion,MINISTER FOR IMMIGRATION AND MULTICULTURAL AND INDIGENOUS AFFAIRS,2003-05-29,REPS,Censure Motion,16,1,2
"Billson, B.F.",aye,Censure Motion,MINISTER FOR IMMIGRATION AND MULTICULTURAL AND INDIGENOUS AFFAIRS,2003-05-29,REPS,Censure Motion,16,1,2
"Bishop, B.K.",aye,Censure Motion,MINISTER FOR IMMIGRATION AND MULTICULTURAL AND INDIGENOUS AFFAIRS,2003-05-29,REPS,Censure Motion,16,1,2
"Bishop, J.I.",aye,Censure Motion,MINISTER FOR IMMIGRATION AND MULTICULTURAL AND INDIGENOUS AFFAIRS,2003-05-29,REPS,Censure Motion,16,1,2
"Brough, M.T.",aye,Censure Motion,MINISTER FOR IMMIGRATION AND MULTICULTURAL AND INDIGENOUS AFFAIRS,2003-05-29,REPS,Censure Motion,16,1,2
"Cadman, A.G.",aye,Censure Motion,MINISTER FOR IMMIGRATION AND MULTICULTURAL AND INDIGENOUS AFFAIRS,2003-05-29,REPS,Censure Motion,16,1,2
"Cameron, R.A.",aye,Censure Motion,MINISTER FOR IMMIGRATION AND MULTICULTURAL AND INDIGENOUS AFFAIRS,2003-05-29,REPS,Censure Motion,16,1,2
"Causley, I.R.",aye,Censure Motion,MINISTER FOR IMMIGRATION AND MULTICULTURAL AND INDIGENOUS AFFAIRS,2003-05-29,REPS,Censure Motion,16,1,2
"Charles, R.E.",aye,Censure Motion,MINISTER FOR IMMIGRATION AND MULTICULTURAL AND INDIGENOUS AFFAIRS,2003-05-29,REPS,Censure Motion,16,1,2
"Ciobo, S.M.",aye,Censure Motion,MINISTER FOR IMMIGRATION AND MULTICULTURAL AND INDIGENOUS AFFAIRS,2003-05-29,REPS,Censure Motion,16,1,2
"Cobb, J.K.",aye,Censure Motion,MINISTER FOR IMMIGRATION AND MULTICULTURAL AND INDIGENOUS AFFAIRS,2003-05-29,REPS,Censure Motion,16,1,2
"Costello, P.H.",aye,Censure Motion,MINISTER FOR IMMIGRATION AND MULTICULTURAL AND INDIGENOUS AFFAIRS,2003-05-29,REPS,Censure Motion,16,1,2
"Downer, A.J.G.",aye,Censure Motion,MINISTER FOR IMMIGRATION AND MULTICULTURAL AND INDIGENOUS AFFAIRS,2003-05-29,REPS,Censure Motion,16,1,2
"Draper, P.",aye,Censure Motion,MINISTER FOR IMMIGRATION AND MULTICULTURAL AND INDIGENOUS AFFAIRS,2003-05-29,REPS,Censure Motion,16,1,2
"Dutton, P.C.",aye,Censure Motion,MINISTER FOR IMMIGRATION AND MULTICULTURAL AND INDIGENOUS AFFAIRS,2003-05-29,REPS,Censure Motion,16,1,2
"Elson, K.S.",aye,Censure Motion,MINISTER FOR IMMIGRATION AND MULTICULTURAL AND INDIGENOUS AFFAIRS,2003-05-29,REPS,Censure Motion,16,1,2
"Entsch, W.G.",aye,Censure Motion,MINISTER FOR IMMIGRATION AND MULTICULTURAL AND INDIGENOUS AFFAIRS,2003-05-29,REPS,Censure Motion,16,1,2
"Farmer, P.F.",aye,Censure Motion,MINISTER FOR IMMIGRATION AND MULTICULTURAL AND INDIGENOUS AFFAIRS,2003-05-29,REPS,Censure Motion,16,1,2
"Forrest, J.A. *",aye,Censure Motion,MINISTER FOR IMMIGRATION AND MULTICULTURAL AND INDIGENOUS AFFAIRS,2003-05-29,REPS,Censure Motion,16,1,2
"Gallus, C.A.",aye,Censure Motion,MINISTER FOR IMMIGRATION AND MULTICULTURAL AND INDIGENOUS AFFAIRS,2003-05-29,REPS,Censure Motion,16,1,2
"Gambaro, T.",aye,Censure Motion,MINISTER FOR IMMIGRATION AND MULTICULTURAL AND INDIGENOUS AFFAIRS,2003-05-29,REPS,Censure Motion,16,1,2
"Gash, J.",aye,Censure Motion,MINISTER FOR IMMIGRATION AND MULTICULTURAL AND INDIGENOUS AFFAIRS,2003-05-29,REPS,Censure Motion,16,1,2
"Georgiou, P.",aye,Censure Motion,MINISTER FOR IMMIGRATION AND MULTICULTURAL AND INDIGENOUS AFFAIRS,2003-05-29,REPS,Censure Motion,16,1,2
"Haase, B.W.",aye,Censure Motion,MINISTER FOR IMMIGRATION AND MULTICULTURAL AND INDIGENOUS AFFAIRS,2003-05-29,REPS,Censure Motion,16,1,2
"Hardgrave, G.D.",aye,Censure Motion,MINISTER FOR IMMIGRATION AND MULTICULTURAL AND INDIGENOUS AFFAIRS,2003-05-29,REPS,Censure Motion,16,1,2
"Hartsuyker, L.",aye,Censure Motion,MINISTER FOR IMMIGRATION AND MULTICULTURAL AND INDIGENOUS AFFAIRS,2003-05-29,REPS,Censure Motion,16,1,2
"Hawker, D.P.M.",aye,Censure Motion,MINISTER FOR IMMIGRATION AND MULTICULTURAL AND INDIGENOUS AFFAIRS,2003-05-29,REPS,Censure Motion,16,1,2
"Hockey, J.B.",aye,Censure Motion,MINISTER FOR IMMIGRATION AND MULTICULTURAL AND INDIGENOUS AFFAIRS,2003-05-29,REPS,Censure Motion,16,1,2
"Howard, J.W.",aye,Censure Motion,MINISTER FOR IMMIGRATION AND MULTICULTURAL AND INDIGENOUS AFFAIRS,2003-05-29,REPS,Censure Motion,16,1,2
"Hull, K.E.",aye,Censure Motion,MINISTER FOR IMMIGRATION AND MULTICULTURAL AND INDIGENOUS AFFAIRS,2003-05-29,REPS,Censure Motion,16,1,2
"Hunt, G.A.",aye,Censure Motion,MINISTER FOR IMMIGRATION AND MULTICULTURAL AND INDIGENOUS AFFAIRS,2003-05-29,REPS,Censure Motion,16,1,2
"Johnson, M.A.",aye,Censure Motion,MINISTER FOR IMMIGRATION AND MULTICULTURAL AND INDIGENOUS AFFAIRS,2003-05-29,REPS,Censure Motion,16,1,2
"Jull, D.F.",aye,Censure Motion,MINISTER FOR IMMIGRATION AND MULTICULTURAL AND INDIGENOUS AFFAIRS,2003-05-29,REPS,Censure Motion,16,1,2
"Kelly, D.M.",aye,Censure Motion,MINISTER FOR IMMIGRATION AND MULTICULTURAL AND INDIGENOUS AFFAIRS,2003-05-29,REPS,Censure Motion,16,1,2
"Kemp, D.A.",aye,Censure Motion,MINISTER FOR IMMIGRATION AND MULTICULTURAL AND INDIGENOUS AFFAIRS,2003-05-29,REPS,Censure Motion,16,1,2
"King, P.E.",aye,Censure Motion,MINISTER FOR IMMIGRATION AND MULTICULTURAL AND INDIGENOUS AFFAIRS,2003-05-29,REPS,Censure Motion,16,1,2
"Ley, S.P.",aye,Censure Motion,MINISTER FOR IMMIGRATION AND MULTICULTURAL AND INDIGENOUS AFFAIRS,2003-05-29,REPS,Censure Motion,16,1,2
"Lindsay, P.J.",aye,Censure Motion,MINISTER FOR IMMIGRATION AND MULTICULTURAL AND INDIGENOUS AFFAIRS,2003-05-29,REPS,Censure Motion,16,1,2
"Lloyd, J.E.",aye,Censure Motion,MINISTER FOR IMMIGRATION AND MULTICULTURAL AND INDIGENOUS AFFAIRS,2003-05-29,REPS,Censure Motion,16,1,2
"May, M.A.",aye,Censure Motion,MINISTER FOR IMMIGRATION AND MULTICULTURAL AND INDIGENOUS AFFAIRS,2003-05-29,REPS,Censure Motion,16,1,2
"McArthur, S. *",aye,Censure Motion,MINISTER FOR IMMIGRATION AND MULTICULTURAL AND INDIGENOUS AFFAIRS,2003-05-29,REPS,Censure Motion,16,1,2
"McGauran, P.J.",aye,Censure Motion,MINISTER FOR IMMIGRATION AND MULTICULTURAL AND INDIGENOUS AFFAIRS,2003-05-29,REPS,Censure Motion,16,1,2
"Moylan, J. E.",aye,Censure Motion,MINISTER FOR IMMIGRATION AND MULTICULTURAL AND INDIGENOUS AFFAIRS,2003-05-29,REPS,Censure Motion,16,1,2
"Nairn, G. R.",aye,Censure Motion,MINISTER FOR IMMIGRATION AND MULTICULTURAL AND INDIGENOUS AFFAIRS,2003-05-29,REPS,Censure Motion,16,1,2
"Nelson, B.J.",aye,Censure Motion,MINISTER FOR IMMIGRATION AND MULTICULTURAL AND INDIGENOUS AFFAIRS,2003-05-29,REPS,Censure Motion,16,1,2
"Neville, P.C.",aye,Censure Motion,MINISTER FOR IMMIGRATION AND MULTICULTURAL AND INDIGENOUS AFFAIRS,2003-05-29,REPS,Censure Motion,16,1,2
"Panopoulos, S.",aye,Censure Motion,MINISTER FOR IMMIGRATION AND MULTICULTURAL AND INDIGENOUS AFFAIRS,2003-05-29,REPS,Censure Motion,16,1,2
"Pearce, C.J.",aye,Censure Motion,MINISTER FOR IMMIGRATION AND MULTICULTURAL AND INDIGENOUS AFFAIRS,2003-05-29,REPS,Censure Motion,16,1,2
"Prosser, G.D.",aye,Censure Motion,MINISTER FOR IMMIGRATION AND MULTICULTURAL AND INDIGENOUS AFFAIRS,2003-05-29,REPS,Censure Motion,16,1,2
"Pyne, C.",aye,Censure Motion,MINISTER FOR IMMIGRATION AND MULTICULTURAL AND INDIGENOUS AFFAIRS,2003-05-29,REPS,Censure Motion,16,1,2
"Randall, D.J.",aye,Censure Motion,MINISTER FOR IMMIGRATION AND MULTICULTURAL AND INDIGENOUS AFFAIRS,2003-05-29,REPS,Censure Motion,16,1,2
"Ruddock, P.M.",aye,Censure Motion,MINISTER FOR IMMIGRATION AND MULTICULTURAL AND INDIGENOUS AFFAIRS,2003-05-29,REPS,Censure Motion,16,1,2
"Schultz, A.",aye,Censure Motion,MINISTER FOR IMMIGRATION AND MULTICULTURAL AND INDIGENOUS AFFAIRS,2003-05-29,REPS,Censure Motion,16,1,2
"Scott, B.C.",aye,Censure Motion,MINISTER FOR IMMIGRATION AND MULTICULTURAL AND INDIGENOUS AFFAIRS,2003-05-29,REPS,Censure Motion,16,1,2
"Secker, P.D.",aye,Censure Motion,MINISTER FOR IMMIGRATION AND MULTICULTURAL AND INDIGENOUS AFFAIRS,2003-05-29,REPS,Censure Motion,16,1,2
"Slipper, P.N.",aye,Censure Motion,MINISTER FOR IMMIGRATION AND MULTICULTURAL AND INDIGENOUS AFFAIRS,2003-05-29,REPS,Censure Motion,16,1,2
"Smith, A.D.H.",aye,Censure Motion,MINISTER FOR IMMIGRATION AND MULTICULTURAL AND INDIGENOUS AFFAIRS,2003-05-29,REPS,Censure Motion,16,1,2
"Somlyay, A.M.",aye,Censure Motion,MINISTER FOR IMMIGRATION AND MULTICULTURAL AND INDIGENOUS AFFAIRS,2003-05-29,REPS,Censure Motion,16,1,2
"Southcott, A.J.",aye,Censure Motion,MINISTER FOR IMMIGRATION AND MULTICULTURAL AND INDIGENOUS AFFAIRS,2003-05-29,REPS,Censure Motion,16,1,2
"Stone, S.N.",aye,Censure Motion,MINISTER FOR IMMIGRATION AND MULTICULTURAL AND INDIGENOUS AFFAIRS,2003-05-29,REPS,Censure Motion,16,1,2
"Thompson, C.P.",aye,Censure Motion,MINISTER FOR IMMIGRATION AND MULTICULTURAL AND INDIGENOUS AFFAIRS,2003-05-29,REPS,Censure Motion,16,1,2
"Ticehurst, K.V.",aye,Censure Motion,MINISTER FOR IMMIGRATION AND MULTICULTURAL AND INDIGENOUS AFFAIRS,2003-05-29,REPS,Censure Motion,16,1,2
"Tollner, D.W.",aye,Censure Motion,MINISTER FOR IMMIGRATION AND MULTICULTURAL AND INDIGENOUS AFFAIRS,2003-05-29,REPS,Censure Motion,16,1,2
"Truss, W.E.",aye,Censure Motion,MINISTER FOR IMMIGRATION AND MULTICULTURAL AND INDIGENOUS AFFAIRS,2003-05-29,REPS,Censure Motion,16,1,2
"Tuckey, C.W.",aye,Censure Motion,MINISTER FOR IMMIGRATION AND MULTICULTURAL AND INDIGENOUS AFFAIRS,2003-05-29,REPS,Censure Motion,16,1,2
"Vaile, M.A.J.",aye,Censure Motion,MINISTER FOR IMMIGRATION AND MULTICULTURAL AND INDIGENOUS AFFAIRS,2003-05-29,REPS,Censure Motion,16,1,2
"Vale, D.S.",aye,Censure Motion,MINISTER FOR IMMIGRATION AND MULTICULTURAL AND INDIGENOUS AFFAIRS,2003-05-29,REPS,Censure Motion,16,1,2
"Wakelin, B.H.",aye,Censure Motion,MINISTER FOR IMMIGRATION AND MULTICULTURAL AND INDIGENOUS AFFAIRS,2003-05-29,REPS,Censure Motion,16,1,2
"Washer, M.J.",aye,Censure Motion,MINISTER FOR IMMIGRATION AND MULTICULTURAL AND INDIGENOUS AFFAIRS,2003-05-29,REPS,Censure Motion,16,1,2
"Williams, D.R.",aye,Censure Motion,MINISTER FOR IMMIGRATION AND MULTICULTURAL AND INDIGENOUS AFFAIRS,2003-05-29,REPS,Censure Motion,16,1,2
"Worth, P.M.",aye,Censure Motion,MINISTER FOR IMMIGRATION AND MULTICULTURAL AND INDIGENOUS AFFAIRS,2003-05-29,REPS,Censure Motion,16,1,2
"Adams, D.G.H.",no,Censure Motion,MINISTER FOR IMMIGRATION AND MULTICULTURAL AND INDIGENOUS AFFAIRS,2003-05-29,REPS,Censure Motion,16,1,2
"Bevis, A.R.",no,Censure Motion,MINISTER FOR IMMIGRATION AND MULTICULTURAL AND INDIGENOUS AFFAIRS,2003-05-29,REPS,Censure Motion,16,1,2
"Brereton, L.J.",no,Censure Motion,MINISTER FOR IMMIGRATION AND MULTICULTURAL AND INDIGENOUS AFFAIRS,2003-05-29,REPS,Censure Motion,16,1,2
"Byrne, A.M.",no,Censure Motion,MINISTER FOR IMMIGRATION AND MULTICULTURAL AND INDIGENOUS AFFAIRS,2003-05-29,REPS,Censure Motion,16,1,2
"Corcoran, A.K.",no,Censure Motion,MINISTER FOR IMMIGRATION AND MULTICULTURAL AND INDIGENOUS AFFAIRS,2003-05-29,REPS,Censure Motion,16,1,2
"Cox, D.A.",no,Censure Motion,MINISTER FOR IMMIGRATION AND MULTICULTURAL AND INDIGENOUS AFFAIRS,2003-05-29,REPS,Censure Motion,16,1,2
"Crean, S.F.",no,Censure Motion,MINISTER FOR IMMIGRATION AND MULTICULTURAL AND INDIGENOUS AFFAIRS,2003-05-29,REPS,Censure Motion,16,1,2
"Crosio, J.A.",no,Censure Motion,MINISTER FOR IMMIGRATION AND MULTICULTURAL AND INDIGENOUS AFFAIRS,2003-05-29,REPS,Censure Motion,16,1,2
"Danby, M. *",no,Censure Motion,MINISTER FOR IMMIGRATION AND MULTICULTURAL AND INDIGENOUS AFFAIRS,2003-05-29,REPS,Censure Motion,16,1,2
"Edwards, G.J.",no,Censure Motion,MINISTER FOR IMMIGRATION AND MULTICULTURAL AND INDIGENOUS AFFAIRS,2003-05-29,REPS,Censure Motion,16,1,2
"Ellis, A.L.",no,Censure Motion,MINISTER FOR IMMIGRATION AND MULTICULTURAL AND INDIGENOUS AFFAIRS,2003-05-29,REPS,Censure Motion,16,1,2
"Emerson, C.A.",no,Censure Motion,MINISTER FOR IMMIGRATION AND MULTICULTURAL AND INDIGENOUS AFFAIRS,2003-05-29,REPS,Censure Motion,16,1,2
"Evans, M.J.",no,Censure Motion,MINISTER FOR IMMIGRATION AND MULTICULTURAL AND INDIGENOUS AFFAIRS,2003-05-29,REPS,Censure Motion,16,1,2
"Ferguson, L.D.T.",no,Censure Motion,MINISTER FOR IMMIGRATION AND MULTICULTURAL AND INDIGENOUS AFFAIRS,2003-05-29,REPS,Censure Motion,16,1,2
"Ferguson, M.J.",no,Censure Motion,MINISTER FOR IMMIGRATION AND MULTICULTURAL AND INDIGENOUS AFFAIRS,2003-05-29,REPS,Censure Motion,16,1,2
"George, J.",no,Censure Motion,MINISTER FOR IMMIGRATION AND MULTICULTURAL AND INDIGENOUS AFFAIRS,2003-05-29,REPS,Censure Motion,16,1,2
"Gibbons, S.W.",no,Censure Motion,MINISTER FOR IMMIGRATION AND MULTICULTURAL AND INDIGENOUS AFFAIRS,2003-05-29,REPS,Censure Motion,16,1,2
"Gillard, J.E.",no,Censure Motion,MINISTER FOR IMMIGRATION AND MULTICULTURAL AND INDIGENOUS AFFAIRS,2003-05-29,REPS,Censure Motion,16,1,2
"Grierson, S.J.",no,Censure Motion,MINISTER FOR IMMIGRATION AND MULTICULTURAL AND INDIGENOUS AFFAIRS,2003-05-29,REPS,Censure Motion,16,1,2
"Griffin, A.P.",no,Censure Motion,MINISTER FOR IMMIGRATION AND MULTICULTURAL AND INDIGENOUS AFFAIRS,2003-05-29,REPS,Censure Motion,16,1,2
"Hall, J.G.",no,Censure Motion,MINISTER FOR IMMIGRATION AND MULTICULTURAL AND INDIGENOUS AFFAIRS,2003-05-29,REPS,Censure Motion,16,1,2
"Hatton, M.J.",no,Censure Motion,MINISTER FOR IMMIGRATION AND MULTICULTURAL AND INDIGENOUS AFFAIRS,2003-05-29,REPS,Censure Motion,16,1,2
"Hoare, K.J.",no,Censure Motion,MINISTER FOR IMMIGRATION AND MULTICULTURAL AND INDIGENOUS AFFAIRS,2003-05-29,REPS,Censure Motion,16,1,2
"Irwin, J.",no,Censure Motion,MINISTER FOR IMMIGRATION AND MULTICULTURAL AND INDIGENOUS AFFAIRS,2003-05-29,REPS,Censure Motion,16,1,2
"Jackson, S.M.",no,Censure Motion,MINISTER FOR IMMIGRATION AND MULTICULTURAL AND INDIGENOUS AFFAIRS,2003-05-29,REPS,Censure Motion,16,1,2
"Jenkins, H.A.",no,Censure Motion,MINISTER FOR IMMIGRATION AND MULTICULTURAL AND INDIGENOUS AFFAIRS,2003-05-29,REPS,Censure Motion,16,1,2
"Kerr, D.J.C.",no,Censure Motion,MINISTER FOR IMMIGRATION AND MULTICULTURAL AND INDIGENOUS AFFAIRS,2003-05-29,REPS,Censure Motion,16,1,2
"King, C.F.",no,Censure Motion,MINISTER FOR IMMIGRATION AND MULTICULTURAL AND INDIGENOUS AFFAIRS,2003-05-29,REPS,Censure Motion,16,1,2
"Latham, M.W.",no,Censure Motion,MINISTER FOR IMMIGRATION AND MULTICULTURAL AND INDIGENOUS AFFAIRS,2003-05-29,REPS,Censure Motion,16,1,2
"Lawrence, C.M.",no,Censure Motion,MINISTER FOR IMMIGRATION AND MULTICULTURAL AND INDIGENOUS AFFAIRS,2003-05-29,REPS,Censure Motion,16,1,2
"Livermore, K.F.",no,Censure Motion,MINISTER FOR IMMIGRATION AND MULTICULTURAL AND INDIGENOUS AFFAIRS,2003-05-29,REPS,Censure Motion,16,1,2
"Macklin, J.L.",no,Censure Motion,MINISTER FOR IMMIGRATION AND MULTICULTURAL AND INDIGENOUS AFFAIRS,2003-05-29,REPS,Censure Motion,16,1,2
"McClelland, R.B.",no,Censure Motion,MINISTER FOR IMMIGRATION AND MULTICULTURAL AND INDIGENOUS AFFAIRS,2003-05-29,REPS,Censure Motion,16,1,2
"McFarlane, J.S.",no,Censure Motion,MINISTER FOR IMMIGRATION AND MULTICULTURAL AND INDIGENOUS AFFAIRS,2003-05-29,REPS,Censure Motion,16,1,2
"McLeay, L.B.",no,Censure Motion,MINISTER FOR IMMIGRATION AND MULTICULTURAL AND INDIGENOUS AFFAIRS,2003-05-29,REPS,Censure Motion,16,1,2
"McMullan, R.F.",no,Censure Motion,MINISTER FOR IMMIGRATION AND MULTICULTURAL AND INDIGENOUS AFFAIRS,2003-05-29,REPS,Censure Motion,16,1,2
"Melham, D.",no,Censure Motion,MINISTER FOR IMMIGRATION AND MULTICULTURAL AND INDIGENOUS AFFAIRS,2003-05-29,REPS,Censure Motion,16,1,2
"Mossfield, F.W.",no,Censure Motion,MINISTER FOR IMMIGRATION AND MULTICULTURAL AND INDIGENOUS AFFAIRS,2003-05-29,REPS,Censure Motion,16,1,2
"Murphy, J. P.",no,Censure Motion,MINISTER FOR IMMIGRATION AND MULTICULTURAL AND INDIGENOUS AFFAIRS,2003-05-29,REPS,Censure Motion,16,1,2
"O'Connor, G.M.",no,Censure Motion,MINISTER FOR IMMIGRATION AND MULTICULTURAL AND INDIGENOUS AFFAIRS,2003-05-29,REPS,Censure Motion,16,1,2
"O'Connor, B.P.",no,Censure Motion,MINISTER FOR IMMIGRATION AND MULTICULTURAL AND INDIGENOUS AFFAIRS,2003-05-29,REPS,Censure Motion,16,1,2
"Organ, M.",no,Censure Motion,MINISTER FOR IMMIGRATION AND MULTICULTURAL AND INDIGENOUS AFFAIRS,2003-05-29,REPS,Censure Motion,16,1,2
"Plibersek, T.",no,Censure Motion,MINISTER FOR IMMIGRATION AND MULTICULTURAL AND INDIGENOUS AFFAIRS,2003-05-29,REPS,Censure Motion,16,1,2
"Price, L.R.S.",no,Censure Motion,MINISTER FOR IMMIGRATION AND MULTICULTURAL AND INDIGENOUS AFFAIRS,2003-05-29,REPS,Censure Motion,16,1,2
"Quick, H.V. *",no,Censure Motion,MINISTER FOR IMMIGRATION AND MULTICULTURAL AND INDIGENOUS AFFAIRS,2003-05-29,REPS,Censure Motion,16,1,2
"Ripoll, B.F.",no,Censure Motion,MINISTER FOR IMMIGRATION AND MULTICULTURAL AND INDIGENOUS AFFAIRS,2003-05-29,REPS,Censure Motion,16,1,2
"Roxon, N.L.",no,Censure Motion,MINISTER FOR IMMIGRATION AND MULTICULTURAL AND INDIGENOUS AFFAIRS,2003-05-29,REPS,Censure Motion,16,1,2
"Sawford, R.W.",no,Censure Motion,MINISTER FOR IMMIGRATION AND MULTICULTURAL AND INDIGENOUS AFFAIRS,2003-05-29,REPS,Censure Motion,16,1,2
"Sciacca, C.A.",no,Censure Motion,MINISTER FOR IMMIGRATION AND MULTICULTURAL AND INDIGENOUS AFFAIRS,2003-05-29,REPS,Censure Motion,16,1,2
"Sercombe, R.C.G.",no,Censure Motion,MINISTER FOR IMMIGRATION AND MULTICULTURAL AND INDIGENOUS AFFAIRS,2003-05-29,REPS,Censure Motion,16,1,2
"Sidebottom, P.S.",no,Censure Motion,MINISTER FOR IMMIGRATION AND MULTICULTURAL AND INDIGENOUS AFFAIRS,2003-05-29,REPS,Censure Motion,16,1,2
"Smith, S.F.",no,Censure Motion,MINISTER FOR IMMIGRATION AND MULTICULTURAL AND INDIGENOUS AFFAIRS,2003-05-29,REPS,Censure Motion,16,1,2
"Snowdon, W.E.",no,Censure Motion,MINISTER FOR IMMIGRATION AND MULTICULTURAL AND INDIGENOUS AFFAIRS,2003-05-29,REPS,Censure Motion,16,1,2
"Swan, W.M.",no,Censure Motion,MINISTER FOR IMMIGRATION AND MULTICULTURAL AND INDIGENOUS AFFAIRS,2003-05-29,REPS,Censure Motion,16,1,2
"Tanner, L.",no,Censure Motion,MINISTER FOR IMMIGRATION AND MULTICULTURAL AND INDIGENOUS AFFAIRS,2003-05-29,REPS,Censure Motion,16,1,2
"Thomson, K.J.",no,Censure Motion,MINISTER FOR IMMIGRATION AND MULTICULTURAL AND INDIGENOUS AFFAIRS,2003-05-29,REPS,Censure Motion,16,1,2
"Vamvakinou, M.",no,Censure Motion,MINISTER FOR IMMIGRATION AND MULTICULTURAL AND INDIGENOUS AFFAIRS,2003-05-29,REPS,Censure Motion,16,1,2
"Wilkie, K.",no,Censure Motion,MINISTER FOR IMMIGRATION AND MULTICULTURAL AND INDIGENOUS AFFAIRS,2003-05-29,REPS,Censure Motion,16,1,2
"Zahra, C.J.",no,Censure Motion,MINISTER FOR IMMIGRATION AND MULTICULTURAL AND INDIGENOUS AFFAIRS,2003-05-29,REPS,Censure Motion,16,1,2
